"name";"description";"category";"subcategory";"basePrice";"prerequisites";"isConsumable";"consumptionType";"consumesItems";"providesSkillBonus";"rarity";"filename";"prompt";"weaponType";"weaponSkill";"damageFormula";"range";"requiresExtraction";"applyBonusDamage";"halfBonusDamage";"ammoCapacity";"rangeMeters";"blastRadiusMeters";"isAdminOnly"

# ARMI E MUNIZIONI
"Fucile da caccia calibro 12, doppia canna";"Fucile a canne affiancate, efficace negli scontri ravvicinati. Può sparare una o entrambe le canne prima di essere ricaricato.";"weapons";"firearms";"4800";"requiredSkills:Lanciare:40";"false";"";"";"Lanciare:5";"uncommon";"fucile.webp";"long brass rifle, wooden stock, worn barrel";"ranged_firearm";"Armi da fuoco";"2d6";"ranged";"false";"false";"false";"2";"20";""
"Smith & Wesson calibro .32";"Revolver compatto a doppia azione, adatto alla difesa personale e più semplice da occultare dei modelli militari.";"weapons";"firearms";"2880";"requiredSkills:Lanciare:30";"false";"";"";"Lanciare:3";"uncommon";"revolver-32.webp";"brass revolver, wooden grip, engraved barrel";"ranged_firearm";"Armi da fuoco";"1d8";"ranged";"false";"false";"false";"5";"15";""
"Derringer tascabile";"Pistola a colpo singolo di dimensioni molto ridotte. È facile da nascondere e adatta soltanto alle brevi distanze.";"weapons";"firearms";"1920";"requiredSkills:Lanciare:20";"false";"";"";"Lanciare:2";"uncommon";"derringer-25.webp";"small brass derringer pistol, leather case";"ranged_firearm";"Armi da fuoco";"1d6";"ranged";"false";"false";"false";"1";"3";""
"Bastone da passeggio";"Bastone rigido in legno, comune nell'abbigliamento maschile e facilmente trasportabile senza destare sospetti. Può essere usato per colpire o mantenere a distanza un aggressore.";"weapons";"melee";"1200";"";"false";"";"";"";"common";"bastone-da-passeggio.webp";"wooden walking cane, silver knob handle";"melee_blunt";"Armi da botta";"1d6+bd";"melee";"false";"true";"false";"";"";""
"Proiettili .32";"Munizioni specifiche per revolver .32";"consumables";"ammunition";"240";"";"true";"indirect";"";"";"common";"proiettili-32.webp";"silver revolver bullets, leather pouch"
"Proiettili .25";"Munizioni per pistola Derringer";"consumables";"ammunition";"192";"";"true";"indirect";"";"";"common";"proiettili-25.webp";"small brass bullets, velvet pouch"

# MERCATO — TRASPORTI PERSONALI
"Bicicletta";"Modello moderno con ruote di uguale diametro, trasmissione a catena e pneumatici. Permette spostamenti autonomi più rapidi rispetto a quelli a piedi e può essere usata durante fughe o inseguimenti. Richiede una superficie percorribile e può essere trasportata con difficoltà negli spazi più stretti.";"transport";"personal";"2880";"";"false";"";"";"";"common";"bicicletta.webp";"Victorian safety bicycle, spoked wheels, leather seat"

# MERCATO — ATTREZZATURA INVESTIGATIVA
"Lanterna cieca";"Lanterna a olio dotata di sportello, utile per dirigere o schermare la luce. Permette di esplorare luoghi bui senza illuminare costantemente l'intero ambiente.";"tools";"investigation";"360";"";"false";"";"";"";"common";"lanterna-cieca.webp";"brass dark lantern, hinged shutter, oil flame"
"Binocolo da campo";"Strumento ottico robusto, adatto all'osservazione a distanza. Permette di usare Osservare su soggetti che non sarebbero distinguibili a occhio nudo.";"tools";"investigation";"1920";"";"false";"";"";"";"common";"binocolo-da-campo.webp";"brass field binoculars, leather strap, worn casing"
"Attrezzatura per lo sviluppo fotografico";"Comprende vaschette, sostanze chimiche, carta sensibile e una lampada adatta alla camera oscura. Permette di sviluppare e stampare fotografie in privato, purché si disponga di un locale oscurabile e delle competenze necessarie.";"tools";"investigation";"2400";"";"false";"";"";"";"uncommon";"attrezzatura-sviluppo-fotografico.webp";"photographic developing trays, chemical bottles, dim red light"
"Polvere flash al magnesio";"Preparato fotografico che produce un lampo molto intenso e consente di fotografare interni o ambienti scarsamente illuminati. L'uso genera fumo, rende evidente la presenza del fotografo e comporta un concreto rischio di ustioni o incendio.";"consumables";"photography";"120";"";"true";"direct";"";"";"uncommon";"polvere-flash-magnesio.webp";"magnesium flash powder tin, small metal scoop"
"Bussola e mappa di Londra";"Una bussola tascabile accompagnata da una pianta aggiornata della città e dei suoi collegamenti principali. Fornisce gli strumenti necessari per Orientamento nei quartieri meno conosciuti e durante gli spostamenti fuori Londra.";"tools";"investigation";"240";"";"false";"";"";"";"common";"bussola-e-mappa-di-londra.webp";"brass pocket compass, folded London map"
"Corda di canapa";"Quindici metri di corda resistente, adatta a legare, calare pesi o assicurare una salita. Può sostenere una persona se fissata correttamente.";"tools";"investigation";"180";"";"false";"";"";"";"common";"corda-di-canapa.webp";"coiled hemp rope, frayed ends"
"Piede di porco";"Leva corta in ferro usata per forzare casse, porte e assi. Può rendere più agevole una prova di Forza, lasciando segni evidenti dell'effrazione.";"tools";"investigation";"360";"";"false";"";"";"";"common";"piede-di-porco.webp";"iron crowbar, worn handle, scratched tip"
"Cassetta degli attrezzi";"Contiene martello, pinze, tenaglie, cacciaviti, chiavi e utensili di piccole dimensioni. Permette riparazioni semplici e interventi su serrature o congegni compatibili con le competenze del personaggio.";"tools";"investigation";"720";"";"false";"";"";"";"common";"cassetta-degli-attrezzi.webp";"wooden toolbox, hammer, pliers, screwdrivers"
"Kit per la raccolta di reperti";"Custodia con pinzette, piccole buste, fiale di vetro, etichette, filo e ceralacca. Permette di prelevare e conservare tracce minute, polveri, liquidi o frammenti limitando contaminazioni e dispersioni.";"tools";"investigation";"840";"";"false";"";"";"";"uncommon";"kit-raccolta-reperti.webp";"forensic collection kit, tweezers, glass vials, small envelopes"
"Kit da laboratorio portatile";"Valigetta con provette, contagocce, reagenti di base e un piccolo bruciatore. Permette semplici analisi sul posto tramite Biologia, Farmacologia o altre discipline pertinenti. Le identificazioni complesse richiedono un laboratorio attrezzato.";"tools";"investigation";"3600";"";"false";"";"";"";"uncommon";"kit-laboratorio-portatile.webp";"portable lab case, test tubes, dropper, small burner"
"Attrezzatura da scavo";"Comprende pala, piccone leggero, cazzuola, scalpello, pennelli e contenitori per i reperti. Fornisce gli strumenti necessari per ricerche archeologiche, geologiche o condotte su sepolture e strutture murate.";"tools";"investigation";"960";"";"false";"";"";"";"common";"attrezzatura-da-scavo.webp";"shovel, pickaxe, trowel, brushes, excavation tools"
"Gioiello con scomparto nascosto";"Medaglione, anello o altro piccolo gioiello dotato di un vano poco visibile. Può contenere una chiave, una pillola, una dose di polvere o un messaggio ripiegato. Un esame accurato può rivelarne il meccanismo.";"accessories";"jewelry";"2880";"";"false";"";"";"";"uncommon";"gioiello-scomparto-nascosto.webp";"ornate locket ring, hidden compartment, engraved metal"
"Lente d'ingrandimento";"Lente convessa con manico, usata per esaminare scritte, fibre, incisioni e tracce molto piccole. Può rendere possibile un tiro di Cercare su dettagli altrimenti invisibili.";"tools";"investigation";"480";"";"false";"";"";"";"common";"lente-d-ingrandimento.webp";"brass magnifying glass, wooden handle, polished lens"
"Pocket Kodak";"Macchina fotografica portatile introdotta nel 1895, caricata con pellicola in rullo. Permette di utilizzare Fotografia fuori da uno studio e di documentare persone, luoghi o prove. La qualità dell'immagine dipende dalla luce e dal tempo di esposizione.";"tools";"photography";"6000";"";"false";"";"";"";"uncommon";"pocket-kodak.webp";"brass box camera, leather bellows, glass lens"
"Pellicola fotografica";"Rullo di ricambio per la macchina fotografica. Le immagini rimangono invisibili finché la pellicola non viene sviluppata. Un laboratorio professionale può trattenere copie o ricordare il materiale ricevuto.";"consumables";"photography";"480";"";"true";"direct";"";"";"common";"pellicola-fotografica.webp";"glass photographic plates, wooden case"
"Microscopio portatile";"Piccolo strumento ottico custodito in una scatola da trasporto. Permette di esaminare fibre, tessuti, fluidi e campioni attraverso Biologia, Medicina o Farmacologia. Le osservazioni più complesse richiedono preparati adeguati e un laboratorio stabile.";"tools";"investigation";"6720";"";"false";"";"";"";"uncommon";"microscopio-portatile.webp";"compact brass field microscope, leather case"
"Grimaldelli";"Serie di sottili strumenti metallici per manipolare serrature semplici senza scassinarle. Il loro possesso può destare sospetti e non evita di lasciare tracce in caso di errore.";"tools";"investigation";"1200";"";"false";"";"";"";"uncommon";"grimaldelli.webp";"small steel lockpick tools, leather case"

# MERCATO — CAMUFFAMENTO E FALSIFICAZIONE
"Kit per camuffarsi";"Valigetta con parrucche, barbe e baffi posticci, cosmetici, tinture temporanee e materiali per alterare i lineamenti. Fornisce l'attrezzatura necessaria per Camuffarsi. Abiti, uniformi e accessori specifici devono essere procurati separatamente quando richiesti dal travestimento.";"tools";"disguise";"1920";"";"false";"";"";"";"uncommon";"kit-per-camuffarsi.webp";"disguise kit case, wigs, false mustaches, small cosmetics jars"
"Abito di ruolo";"Abbigliamento e accessori adatti a impersonare una professione o una precisa posizione sociale. Completa un camuffamento e deve essere coerente con l'identità assunta. Uniformi militari, di polizia o legate a incarichi ufficiali richiedono una giustificazione ottenuta in gioco.";"clothing";"disguise";"1200";"";"false";"";"";"";"common";"abito-di-ruolo.webp";"tailored period costume, hat, coat, on hanger"
"Kit per falsificare";"Contiene pennini, inchiostri, solventi, carte di diversa qualità, ceralacca, sigilli neutri e strumenti da incisione. Permette di utilizzare Falsificare per riprodurre lettere, firme e documenti semplici. Timbri ufficiali e supporti particolari devono essere ottenuti in gioco.";"tools";"forgery";"2400";"";"false";"";"";"";"uncommon";"kit-per-falsificare.webp";"forgery tools, ink bottles, wax seal, engraving tools"
"Documento falso";"Documento prodotto su commissione da un falsario. La sua qualità viene stabilita dalla moderazione in base al prezzo, al tempo disponibile e alle informazioni fornite. Un controllo accurato può comunque rivelarne la natura. Prezzo variabile: stabilito caso per caso dalla moderazione, non acquistabile al banco.";"documents";"forgery";"0";"";"false";"";"";"";"rare";"documento-falso.webp";"aged forged document, wax seal, official stamp";"";"";"";"";"";"";"";"";"";"";"true"

# MERCATO — SCRITTURA E REGISTRAZIONE
"Macchina da scrivere";"Apparecchio da tavolo per produrre testi uniformi e leggibili. Può essere usato per preparare documenti, lettere anonime e materiali destinati alla falsificazione. Usura, allineamento e difetti dei caratteri possono rendere riconoscibile una specifica macchina.";"tools";"writing";"20400";"";"false";"";"";"";"rare";"macchina-da-scrivere.webp";"brass typewriter, black keys, paper roll"
"Fonografo a cilindro";"Apparecchio capace di registrare e riprodurre suoni su cilindri sostituibili. Permette di conservare voci, testimonianze o messaggi, se chi parla si trova abbastanza vicino al dispositivo. La registrazione è breve, fragile e di qualità limitata.";"tools";"writing";"7200";"";"false";"";"";"";"rare";"fonografo-a-cilindro.webp";"brass phonograph horn, wax cylinder, wooden base"

# MERCATO — FARMACIA E MEDICINA
"Kit di primo soccorso";"Borsa con bende, garze, disinfettante, forbici e materiale per medicazioni d'urgenza. Fornisce l'attrezzatura necessaria per Primo Soccorso. Non sostituisce cure mediche prolungate.";"medical";"first-aid";"480";"";"false";"";"";"";"common";"kit-di-primo-soccorso.webp";"first aid pouch, bandages, scissors, small bottles"
"Borsa medica";"Valigetta professionale con strumenti diagnostici, siringhe, materiale da sutura e medicinali di base. Fornisce l'attrezzatura necessaria per Medicina e per il trattamento di ferite complesse.";"medical";"first-aid";"720";"requiredOccupations:medico";"false";"";"";"";"common";"borsa-medica.webp";"brown leather medical bag, brass buckles, worn leather"
"Laudano";"Tintura alcolica di oppio usata come analgesico, sedativo e rimedio per numerosi disturbi. Riduce la percezione del dolore e provoca sonnolenza. Dosi elevate o ripetute possono causare dipendenza, avvelenamento e arresto respiratorio. Non recupera Punti Vita.";"consumables";"pharmacy";"240";"";"true";"direct";"";"";"common";"laudano.webp";"dark amber glass bottle, cork stopper, apothecary label"
"Morfina";"Potente analgesico venduto in fiale e somministrato tramite siringa. Può attenuare dolori molto intensi e facilitare un trattamento medico, causando torpore e riduzione dei riflessi. L'uso improprio comporta dipendenza e rischio di overdose. Non recupera Punti Vita.";"consumables";"pharmacy";"480";"requiredSkills:Medicina:40";"true";"direct";"";"";"uncommon";"morfina.webp";"small glass medicine vial, cork stopper, red label"
"Etere";"Liquido volatile impiegato come anestetico durante le operazioni. L'inalazione deve essere dosata con competenza e può provocare perdita di coscienza, danni gravi o morte. I vapori sono altamente infiammabili.";"medical";"pharmacy";"720";"";"true";"direct";"";"";"uncommon";"etere.webp";"glass ether bottle, ground stopper, apothecary label"
"Cloroformio";"Anestetico liquido somministrato per inalazione durante procedure mediche. Deve essere dosato con attenzione e non provoca una perdita di coscienza immediata. Un uso improvvisato può causare lesioni, arresto cardiaco o morte.";"medical";"pharmacy";"720";"";"true";"direct";"";"";"uncommon";"cloroformio.webp";"dark glass chloroform bottle, cork stopper, warning label"
"Arsenico";"Veleno disponibile sotto forma di polvere o preparato. L'ingestione provoca disturbi gastrointestinali, debolezza e danni progressivi agli organi. L'acquisto viene registrato e la sostanza può essere riconosciuta con un'analisi adeguata.";"medical";"pharmacy";"360";"";"true";"direct";"";"";"uncommon";"arsenico.webp";"small paper packet of white powder, skull warning label"
"Sali per rinvenire";"Preparato a base di ammoniaca dall'odore pungente. Può aiutare a far rinvenire una persona colpita da un comune mancamento. Non ha effetto sull'incoscienza causata da ferite gravi, avvelenamento o anestetici.";"consumables";"pharmacy";"72";"";"true";"direct";"";"";"common";"sali-volatili.webp";"small glass vial, silver cap, blue crystals"
"Contraccettivo femminile";"Diaframma, pessario o spugna contraccettiva destinati a essere inseriti prima del rapporto. L'acquisto avviene spesso con discrezione e l'efficacia dipende dalla scelta e dall'uso corretti. Riduce il rischio di gravidanza, senza eliminarlo.";"medical";"pharmacy";"240";"";"true";"direct";"";"";"common";"contraccettivo-femminile.webp";"small vulcanized rubber diaphragm case, discreet box"
"Contraccettivo maschile";"Preservativo in gomma vulcanizzata, generalmente lavabile e riutilizzabile. Riduce il rischio di gravidanza e di trasmissione delle malattie veneree, senza offrire una protezione assoluta. Può essere acquistato in farmacia o tramite venditori specializzati.";"medical";"pharmacy";"120";"";"true";"direct";"";"";"common";"contraccettivo-maschile.webp";"vulcanized rubber sheath, small tin case"

# MERCATO — ARMI DA MISCHIA
"Tirapugni";"Struttura metallica indossata sulle dita. Aumenta il danno dei pugni ed è facile da nascondere.";"weapons";"melee";"240";"";"false";"";"";"";"common";"tirapugni.webp";"brass knuckle duster, worn metal";"melee_blunt";"Corpo a corpo";"1d3+1+bd";"melee";"false";"true";"false";"";"";""
"Manganello ""Billy""";"Corto sfollagente in legno duro o cuoio appesantito, usato dalle forze dell'ordine e come arma da strada.";"weapons";"melee";"480";"";"false";"";"";"";"common";"manganello-billy.webp";"wooden police billy club, leather wrist strap";"melee_blunt";"Armi da botta";"1d6+bd";"melee";"false";"true";"false";"";"";""
"Garrota";"Laccio usato alle spalle della vittima. Dopo un attacco riuscito, la vittima deve liberarsi con una manovra di combattimento o subire il danno a ogni round.";"weapons";"melee";"120";"";"false";"";"";"";"uncommon";"garrota.webp";"thin wire garrote, wooden handles";"melee_blunt";"Corpo a corpo";"1d6+bd";"melee";"true";"true";"false";"";"";""
"Coltello tascabile";"Piccolo coltello pieghevole, comune come utensile e facilmente occultabile.";"weapons";"melee";"240";"";"false";"";"";"";"common";"coltello-tascabile.webp";"folding pocket knife, bone handle, steel blade";"melee_blade";"Armi da taglio";"1d4+bd";"melee";"false";"true";"false";"";"";""
"Pugnale";"Lama rigida di medie dimensioni, più efficace di un coltello tascabile e adatta al combattimento ravvicinato.";"weapons";"melee";"720";"";"false";"";"";"";"common";"pugnale.webp";"steel dagger, ornate hilt, leather sheath";"melee_blade";"Armi da taglio";"1d4+2+bd";"melee";"true";"true";"false";"";"";""
"Bastone animato con pugnale";"Bastone da passeggio che nasconde una lama non superiore a venti centimetri. L'arma resta invisibile finché non viene estratta.";"weapons";"melee";"1920";"";"false";"";"";"";"uncommon";"bastone-animato-con-pugnale.webp";"wooden cane concealing thin dagger blade";"melee_blade";"Armi da taglio";"1d4+2+bd";"melee";"true";"true";"false";"";"";""
"Bastone animato con spada";"Bastone da passeggio che cela una lama sottile lunga fino a sessantacinque centimetri. Offre discrezione a scapito della robustezza.";"weapons";"melee";"2880";"";"false";"";"";"";"uncommon";"bastone-animato-con-spada.webp";"wooden cane concealing slender sword blade";"melee_blade";"Armi da taglio";"1d6+bd";"melee";"true";"true";"false";"";"";""
"Fioretto";"Arma da scherma leggera con lama sottile e guardia a protezione della mano. È concepita soprattutto per colpire di punta.";"weapons";"melee";"1440";"";"false";"";"";"";"uncommon";"fioretto.webp";"slender fencing foil, wire-wrapped grip, bell guard";"melee_blade";"Armi da taglio";"1d6+1+bd";"melee";"false";"true";"false";"";"";""
"Sciabola da cavalleria";"Spada militare dalla lama curva, pesante e adatta a colpi ampi. È ingombrante e difficile da occultare.";"weapons";"melee";"4320";"";"false";"";"";"";"uncommon";"sciabola-da-cavalleria.webp";"curved cavalry saber, brass hilt, leather scabbard";"melee_blade";"Armi da taglio";"1d8+1+bd";"melee";"false";"true";"false";"";"";""
"Accetta";"Utensile a lama corta che può essere impiegato come arma. È robusto, comune e poco discreto.";"weapons";"melee";"480";"";"false";"";"";"";"common";"accetta.webp";"short steel hatchet, wooden handle";"melee_blade";"Armi da taglio";"1d6+1+bd";"melee";"false";"true";"false";"";"";""
"Arco inglese lungo";"Grande arco in legno, potente e ingombrante. Richiede entrambe le mani e frecce acquistate separatamente. La metà del BD viene calcolata sul risultato del dado e arrotondata per difetto. Un BD negativo viene applicato per intero.";"weapons";"ranged";"2400";"";"false";"";"";"";"uncommon";"arco-inglese-lungo.webp";"tall English longbow, wooden stave, hemp string";"ranged_thrown";"Armi da lancio";"1d6";"ranged";"true";"true";"true";"";"150";""

# MERCATO — PISTOLE E REVOLVER
"Bastone animato con pistola";"Bastone da passeggio che cela una piccola arma a colpo singolo. Lo sparo è impreciso e richiede di ricaricare dopo ogni colpo.";"weapons";"firearms";"4800";"";"false";"";"";"";"rare";"bastone-animato-con-pistola.webp";"wooden cane concealing small single-shot pistol";"ranged_firearm";"Armi da fuoco";"1d6";"ranged";"true";"false";"false";"1";"3";""
"Colt M1877 ""Lightning"" calibro .38";"Revolver americano a doppia azione, maneggevole e relativamente rapido da usare. È un'arma d'importazione.";"weapons";"firearms";"3840";"";"false";"";"";"";"uncommon";"colt-m1877-lightning-38.webp";"nickel-plated double-action revolver, wooden grip";"ranged_firearm";"Armi da fuoco";"1d10";"ranged";"false";"false";"false";"6";"15";""
"Webley Mk I calibro .455";"Solido revolver d'ordinanza britannico con apertura basculante ed espulsione simultanea dei bossoli. È potente e difficile da occultare.";"weapons";"firearms";"5280";"";"false";"";"";"";"uncommon";"webley-mk1-455.webp";"British service revolver, break-open frame, worn steel";"ranged_firearm";"Armi da fuoco";"1d10+2";"ranged";"false";"false";"false";"6";"15";""

# MERCATO — FUCILI
"Carabina a leva calibro .30";"Arma sportiva a ripetizione, più corta e maneggevole di un fucile militare. Dopo ogni colpo la leva inserisce una nuova cartuccia.";"weapons";"firearms";"6720";"";"false";"";"";"";"uncommon";"carabina-leva-30.webp";"lever-action carbine rifle, brass receiver, wooden stock";"ranged_firearm";"Armi da fuoco";"2d6";"ranged";"false";"false";"false";"6";"50";""
"Martini-Henry calibro .45";"Fucile militare a colpo singolo, potente e ormai superato dai modelli a ripetizione. Può effettuare un tiro accurato ogni tre round.";"weapons";"firearms";"3600";"";"false";"";"";"";"uncommon";"martini-henry-45.webp";"British military single-shot rifle, brass fittings";"ranged_firearm";"Armi da fuoco";"1d8+1d6+3";"ranged";"false";"false";"false";"1";"80";""
"Lee-Metford Mk II calibro .303";"Fucile a otturatore in dotazione all'esercito britannico. Ha un caricatore da dieci colpi ed è raro nel commercio civile.";"weapons";"firearms";"10800";"";"false";"";"";"";"rare";"lee-metford-mk2-303.webp";"bolt-action military rifle, wooden stock, brass buttplate";"ranged_firearm";"Armi da fuoco";"2d6+4";"ranged";"false";"false";"false";"10";"110";""
"Fucile da elefanti, doppia canna";"Pesante arma da caccia grossa, costruita per fermare animali di grandi dimensioni. Il rinculo, il prezzo e l'ingombro ne limitano l'uso.";"weapons";"firearms";"14400";"";"false";"";"";"";"rare";"fucile-da-elefanti.webp";"heavy double-barrel big game rifle, engraved steel";"ranged_firearm";"Armi da fuoco";"3d6+4";"ranged";"false";"false";"false";"2";"100";""

# MERCATO — ESPLOSIVI
"Candelotto di dinamite";"Carica industriale con miccia e detonatore. Il danno si applica ai bersagli compresi nell'area dell'esplosione.";"weapons";"explosives";"1200";"";"false";"";"";"";"rare";"candelotto-di-dinamite.webp";"dynamite stick, waxed paper wrap, fuse";"ranged_thrown";"Esplosivi";"4d10";"ranged";"false";"false";"false";"";"";"3"

# MERCATO — MUNIZIONI
"Cartucce calibro 12";"Confezione di cartucce per fucile da caccia. Ogni confezione ricarica completamente l'arma due volte.";"consumables";"ammunition";"480";"";"true";"indirect";"";"";"common";"cartucce-calibro-12.webp";"brass shotgun shells, cardboard box"
"Munizioni calibro .30";"Confezione di munizioni per carabina a leva. Ogni confezione ricarica completamente l'arma due volte.";"consumables";"ammunition";"600";"";"true";"indirect";"";"";"common";"munizioni-calibro-30.webp";"brass rifle cartridges, small box"
"Proiettili calibro .38";"Confezione di proiettili per revolver Colt Lightning. Ogni confezione ricarica completamente l'arma due volte.";"consumables";"ammunition";"288";"";"true";"indirect";"";"";"common";"proiettili-calibro-38.webp";"brass revolver cartridges, small box"
"Proiettili calibro .455";"Confezione di proiettili per revolver Webley. Ogni confezione ricarica completamente l'arma due volte.";"consumables";"ammunition";"360";"";"true";"indirect";"";"";"common";"proiettili-calibro-455.webp";"brass revolver cartridges, small box"
"Munizioni calibro .45";"Confezione di munizioni per fucile Martini-Henry. Ogni confezione ricarica completamente l'arma due volte.";"consumables";"ammunition";"480";"";"true";"indirect";"";"";"uncommon";"munizioni-calibro-45.webp";"brass rifle cartridges, small box"
"Munizioni calibro .303";"Confezione di munizioni militari per fucile Lee-Metford, rara nel commercio civile. Ogni confezione ricarica completamente l'arma due volte.";"consumables";"ammunition";"960";"";"true";"indirect";"";"";"rare";"munizioni-calibro-303.webp";"brass military rifle cartridges, small box"
"Munizioni per fucile da elefanti";"Confezione di munizioni di grosso calibro per fucile da caccia grossa. Ogni confezione ricarica completamente l'arma due volte.";"consumables";"ammunition";"1200";"";"true";"indirect";"";"";"rare";"munizioni-fucile-elefanti.webp";"oversized brass rifle cartridges, wooden box"
"Frecce";"Set di frecce per arco inglese lungo, acquistate separatamente dall'arco.";"consumables";"ammunition";"120";"";"true";"indirect";"";"";"common";"frecce.webp";"wooden arrows, feather fletching, steel tips, quiver"
"Detonatore e miccia";"Detonatore e miccia per candelotto di dinamite, acquistati separatamente dalla carica.";"consumables";"ammunition";"240";"";"true";"indirect";"";"";"uncommon";"detonatore-e-miccia.webp";"blasting cap, coiled fuse cord"
