name;description;category;contacts;earnings;requiredSkills;bonusSkills;filename;prompt
Esploratore;"Alla fine del secolo esistevano ancora luoghi inesplorati del mondo, tanto da rendere possibile una vera carriera nell'esplorazione. I contributi scientifici, spesso arricchiti da donazioni private, e la possibilità di pubblicare articoli, diari e reportage, garantivano abbastanza fondi per sostenere una vita di avventure. Rimanevano sconosciuti l'Africa nera, il Matto Grosso, il Grande Deserto Australiano, il Sahara, i deserti arabi, e ampie zone dell'Asia. Solo poche spedizioni avevano raggiunto i Poli.";avventurieri;altri esploratori|mecenati|dipendenti di museo;molto variabile, a seconda del successo;Armi da fuoco|Lingua Straniera|Orientamento|Atletica|Nuotare|Percezione;Sopravvivenza:10;"esploratore.png";"explorer's pith helmet, brass compass, telescope"
Esperto di caccia grossa;"Guida spedizioni armate in territori selvaggi, per conto di facoltosi appassionati in cerca di trofei esotici. Le pianure africane, i boschi del Canada o le giungle del Sud Est asiatico sono il suo terreno naturale. Alcuni si specializzano nella cattura di animali vivi per collezioni private o zoo, altri trafficano in pellicce, zanne, corni e pelli, con pochi scrupoli e molti contatti. Alla fine dell'Ottocento queste attività erano considerate perfettamente rispettabili, almeno tra chi poteva permettersele. Non esistono soltanto nobili cacciatori bianchi: in molte regioni del mondo, le vere guide sono esperti locali, taciturni e determinati, che conoscono ogni sentiero.";avventurieri;altri esperti di caccia|alta società|mercato nero;da Middle Class ad Alta Borghesia;Armi da fuoco|Percezione|Furtività|Lingua Straniera|Sopravvivenza|Seguire tracce;Primo soccorso:10;"esperto-di-caccia-grossa.png";"hunting rifle, safari hat, animal trophy"
Artista;"Le arti figurative sono sempre molto popolari, ma il materiale utilizzato può rivelarsi costoso e gli introiti altalenanti. Diversi artisti lavorano in società pubblicitarie limitandosi a disegnare vestiti, o altri prodotti. Molti potrebbero essere ancora impiegati in giornali locali come illustratori, per quanto l'utilizzo della fotografia abbia messo in crisi anche questo settore. Gli scultori, più legati alla committenza privata o funeraria, lavorano spesso il marmo, la terracotta o il gesso. Alcuni collaborano con architetti e urbanisti per realizzare fregi decorativi, busti o statue pubbliche, ma la richiesta non è costante e dipende molto dai circoli sociali frequentati.";arti_creative;mondo dell'arte|mecenati|mondo pubblicitario;dal Sottoproletariato alla Middle Class;Pittura e Disegno|Cercare|Lingua Straniera|Storia|Empatia|Ammaliare;Artigianato:10;"artista.png";"paintbrushes, wooden palette, easel"
Fotografo;"La fotografia è una forma d'arte in voga da qualche anno, ma molti fotografi lavorano ora per aziende pubblicitarie o in studi di ritratti, scattando foto alle famiglie della media borghesia. Altri ancora sono impiegati in giornali locali o in riviste specializzate, spesso incaricati di documentare fatti di cronaca, personaggi pubblici o paesaggi urbani. Il lavoro del fotografo sta diventando più dinamico: non è più legato solo agli studi fissi, ma può muoversi, esplorare, raccontare. In contesti più intimi e domestici, è ancora diffusa la pratica delle fotografie post mortem, spesso ultimo ricordo tangibile di un caro defunto, posizionato e immortalato con cura come se fosse ancora in vita.";arti_creative;altri fotografi|giornali locali|alta società;dal Sottoproletariato alla Middle Class;Fotografia|Empatia|Chimica|Percezione|Riparazione meccanica|Ammaliare;Cercare:10;"fotografo.png";"brass box camera, tripod, glass plates"
Scrittore;"A differenza del giornalista, lo scrittore usa le parole per definire ed esplorare la gamma delle emozioni umane. Conduce un'esistenza solitaria e una ricompensa solipsistica: al giorno d'oggi sono ben pochi coloro che riescono ad arricchirsi esercitando questa professione, per quanto in epoche passate permettesse di ricevere uno stipendio regolare. Le abitudini di lavoro degli scrittori sono molto variegate. Capita spesso che uno scrittore trascorra mesi o anni impegnato in ricerche di preparazione alla stesura di un libro, e poi si ritiri per immergersi in periodi di intensa creatività.";arti_creative;altri scrittori|mondo accademico|mondo dell'editoria;variabile, a seconda del successo;Lingua Madre|Lingua Straniera|Empatia|Storia|Biblioteconomia|Persuadere;Crittografia:10;"scrittore.png";"fountain pen, inkwell, manuscript pages"
Intrattenitore;"Può essere un attore, cantante, ballerino, musicista, comico, ventriloquo, prestigiatore o qualsiasi combinazione di questi talenti. I palchi di Londra sono il pinnacolo di queste attività, ma è facile trovare diversi teatri in tutte le città, dalle sale rispettabili ai baracconi più scalcinati. Negli ultimi anni, il successo del varietà e del music hall ha trasformato molti artisti in celebrità popolari, ma ha anche reso il mestiere più competitivo: si cerca di stupire con costumi appariscenti, numeri sempre nuovi e una presenza scenica che superi i limiti del palcoscenico. Molti intrattenitori lavorano anche in cabaret, circhi ambulanti o locali sotterranei, dove si esibiscono per un pubblico misto di borghesi curiosi e malavitosi di quartiere.";artisti_spettacolo;mondo del teatro|ambiente circense|giornalismo;da Povertà alla Borghesia Agiata;Recitazione|Camuffarsi|Atletica|Empatia|Ammaliare|Intimidire;Autocontrollo:10;"intrattenitore.png";"top hat, theatrical mask, cane"
Musicista classico;"Suona in orchestra, accompagna eventi mondani, talvolta compone. Può aver studiato in una scuola specializzata, oppure con un maestro privato. Si esibisce nei teatri, nelle sale da concerto, ma anche nei salotti dell'alta società o in occasioni ufficiali. La disciplina è ferrea, l'ambiente competitivo, le ambizioni spesso sproporzionate rispetto ai riconoscimenti.";artisti_spettacolo;altri musicisti|mecenati|alta società;dalla Middle Class alla Borghesia Agiata;Musica|Percezione|Empatia|Artigianato|Storia|Galateo|Ammaliare;Riparazione meccanica:10;"musicista-classico.png";"violin, sheet music, bow"
Aiutante di scena;"L'aiutante di scena lavora dietro le quinte per creare effetti speciali con fumo, luci e suoni. Spesso si tratta di aspiranti attori che imparano i trucchi del mestiere e partecipano alle rappresentazioni con piccole parti. È un tuttofare che si occupa del sipario, dei costumi degli attori, ma anche della realizzazione delle scenografie.";artisti_spettacolo;mondo del teatro;da Indigenza a Classe Lavoratrice;Artigianato|Recitazione|Chimica|Rapidità di mano|Riparazione meccanica|Riparazione elettrica;Bassifondi:10;"aiutante-di-scena.png";"theater curtain rope, lantern, tools"
Acrobata;"Gli acrobati possono essere atleti professionisti che competono in eventi organizzati o artisti ingaggiati nel settore dell'intrattenimento, come circhi, fiere o teatri. Negli ultimi anni, le esibizioni acrobatiche si sono diffuse nei music hall, nei circhi itineranti e persino in contesti più formali come le esposizioni internazionali. Alcuni atleti provengono da ambienti militari o ginnici e si esibiscono anche in spettacoli dimostrativi di forza, equilibrio o destrezza, talvolta a sfondo patriottico o educativo.";sport;altri acrobati|mondo dello sport|ambiente circense;da Povertà a Middle Class;Percezione|Armi da lancio|Nuotare|Atletica|Schivare|Danza;Furtività:10;"acrobata.png";"circus tent, balance pole, ribbon"
Atleta professionista;"Quella dell'atleta non è più una professione riservata esclusivamente alle classi inferiori, numerose attività vengono praticate a livelli agonistici da donne e uomini dei ceti più abbienti. I passatempi principali sono l'equitazione, il croquet, il tiro con l'arco ed il cricket, ma anche il golf ed il tennis. Non sono rare le donne che si dedicano ad attività estreme come l'alpinismo, tanto da influenzare la moda del periodo che prevede indumenti più comodi ed adeguati.";sport;mondo sportivo|giornali locali|alta società;Da Sottoproletariato a Middle Class;Cavalcare|Corpo a corpo|Armi da lancio|Nuotare|Atletica|Ammaliare;Primo soccorso:10;"atleta-professionista.png";"cricket bat, riding crop, tennis racket"
Colletto bianco;"Questa professione ricopre tutta la gamma delle posizioni dei colletti bianchi, dai commessi ai dirigenti di livello medio o alto. Il datore di lavoro può andare da un'attività locale di medie dimensioni per arrivare a una multinazionale su scala globale. Gli impiegati di solito sono malpagati e svolgono mansioni faticose, con i più talentuosi che vengono tenuti d'occhio per essere eventualmente promossi. I dirigenti di livello medio o alto guadagnano salari superiori, con crescenti responsabilità e voce in capitolo sulle attività giornaliere.";affari;mondo degli affari|sindacalisti|mondo pubblicitario;da Middle Class a Élite Economica;Percezione|Biblioteconomia|Contabilità|Tempra|Lingua Madre|Ammaliare;Valutare:10;"colletto-bianco.png";"leather briefcase, ledger, fountain pen"
Missionario;"I missionari viaggiano in tutto il mondo per diffondere la parola di Dio tra i popoli meno civilizzati. Anche i laici possono essere missionari, generalmente si tratta di medici o di altre figure professionali specializzate.";religiosi;gerarchia ecclesiastica|funzionari stranieri;da Povertà a Classe Lavoratrice;Antropologia|Lingua Madre|Lingua Straniera|Empatia|Tempra|Oratoria;Orientamento:10;"missionario.png";"leather bible, wooden cross, travel satchel"
Clero;"Che siano protestanti, anglicani o cattolici, il loro compito è gestire una piccola comunità ed hanno la possibilità di scalare la gerarchia ecclesiastica. Molti hanno anche studiato diventando così medici, avvocati o insegnanti. Di questa categoria fanno parte anche i rabbini e altri ministri di qualsiasi credo religioso.";religiosi;gerarchia ecclesiastica|alta società|ufficiali governativi locali;da Povertà a Borghesia Agiata;Percezione|Oratoria|Antropologia|Biblioteconomia|Autocontrollo|Lingua Straniera;Persuadere:10;"clero.png";"clerical collar, bible, wooden cross"
Contrabbandiere;"Quello del contrabbandiere è sempre stato un lavoro piuttosto remunerativo. Non è facile portare nel paese merce illegale, a causa dell'occhio vigile della Camera di Commercio, ma per un buon contrabbandiere nulla è impossibile. I traffici possono essere di armi, importazioni esotiche o refurtive provenienti da tutti i continenti.";criminali;crimine organizzato|polizia portuale|mercato nero;da Povertà a Middle Class;Armi da fuoco|Percezione|Rapidità di mano|Navigare|Furtività|Autocontrollo;Camuffarsi:10;"contrabbandiere.png";"wooden crate, lantern, coiled rope"
Falsario;"I falsari sono gli artisti del mondo criminale, specializzati nella falsificazione dei documenti ufficiali, atti e trasferimenti e la realizzazione di firme false. I principianti cominciano l'attività producendo documenti falsi per piccoli criminali, mentre i migliori sono in grado di produrre stampe a più colori e filigrane necessarie a contraffare il denaro.";criminali;crimine organizzato|criminali di strada|mondo degli affari;da Povertà a Upper Middle Class;Pittura e Disegno|Furtività|Raggirare|Riparazione meccanica|Valutare|Falsificare;Crittografia:10;"falsario.png";"quill pen, wax seal, forged documents"
Nobbler;"Le braccia e i muscoli del crimine organizzato. Vengono utilizzati per infliggere punizioni, trasportare carichi, recuperare debiti e intimidire i nemici. Coloro che non appartengono a una banda, vivono come criminali di strada: borseggiatori, rapinatori o tirapiedi occasionali. Spesso provenienti dai docklands o dai quartieri più poveri, i nobbler sono abituati alla violenza quotidiana e si muovono in ambienti dove la legge è solo un'altra voce da zittire. Alcuni hanno esperienza nei circuiti clandestini di boxe o hanno servito come portieri o sorveglianti nei locali più malfamati della città.";criminali;crimine organizzato|criminali di strada|polizia locale;da Povertà a Lower Middle Class;Bassifondi|Corpo a corpo|Armi da botta|Furtività|Percezione|Intimidire;Armi da fuoco:10;"nobbler.png";"brass knuckles, wooden club, flat cap"
Prostituta;"Una prostituta può lavorare in un bordello, sotto la protezione di una madam, o essere una passeggiatrice, molto comune nelle strade dell'East-End. Alcune offrono i propri servizi in locali notturni, taverne o sale da ballo, altre si appoggiano a case private e pensioni a ore. Alcune donne riescono a garantirsi una forma di protezione affiliandosi a gang locali o clienti abituali; altre si muovono in solitudine, cambiando spesso nome e zona. Non mancano i casi di prostituzione maschile o giovanile, anche se meno visibili e più stigmatizzati.";criminali;criminali di strada|polizia locale|crimine organizzato;da Indigenza a Sottoproletariato;Furtività|Rapidità di mano|Ammaliare|Bassifondi|Armi da taglio|Persuadere;Autocontrollo:10;"prostituta.png";"lace fan, feathered hat, red ribbon"
Scassinatore;"Di solito gli scassinatori lavorano da soli, anche se possono scegliere un compagno che li avverta in caso di pericolo. Sono esperti nell'aprire serrature, forzare casseforti, disattivare semplici meccanismi di sicurezza o eludere trappole rudimentali. Alcuni si specializzano in furti su commissione, altri improvvisano colpi veloci in case, botteghe o magazzini. Gli scassinatori più abili sono noti nei bassifondi e, in certi casi, tollerati anche dalla polizia corrotta o da informatori della malavita. I migliori conoscono l'importanza della discrezione: un errore, un rumore o un'impronta possono costare la libertà.";criminali;criminali di strada|crimine organizzato|mercato nero;da Indigenza a Sottoproletariato;Furtività|Cercare|Rapidità di mano|Autocontrollo|Scassinare|Atletica;Bassifondi:10;"scassinatore.png";"lockpick tools, dark lantern, crowbar"
Ricettatore;"Si occupa di riciclare la merce rubata o di contrabbando, paga la refurtiva a prezzo stracciato, la immagazzina e la rivende. Può tenere un monte dei pegni come copertura o usare la propria abitazione come base. Agisce principalmente come intermediario tra ladri e acquirenti, tiene per sè una percentuale dei profitti o, cosa più comune, acquista la merce rubata a prezzi molto bassi.";criminali;criminali di strada|crimine organizzato|mercato nero;da Sottoproletariato ad Upper Middle Class;Biblioteconomia|Contabilità|Cercare|Storia|Valutare|Ammaliare;Bassifondi:10;"ricettatore.png";"pawn shop scale, jewelry, coins"
Sicario;"Omicida a pagamento. Solitamente provengono da fuori città, svolgono il loro lavoro e spariscono prima che qualcuno possa mettersi sulle loro tracce. Spesso si tratta di sociopatici, figure poco adatte a socializzare e molto adatte a passare inosservate. Altri addirittura si sposano e hanno una famiglia, sembrando a tutti gli effetti dei cittadini modello.";criminali;Crimine organizzato|criminali di strada|alta società;da Sottoproletariato a Borghesia Agiata;Armi da fuoco|Armi da taglio|Autocontrollo|Corpo a corpo|Furtività|Rapidità di mano;Bassifondi:10;"sicario.png";"revolver, dark coat, leather gloves"
Borseggiatore;"A volte si riuniscono in piccoli gruppi per compiere furti più complicati. Vivono in strada, non sempre hanno un tetto sopra la testa, e molti iniziano questa professione fin da bambini, imparando a muoversi tra mercati, carrozze e vicoli affollati con destrezza. Alcuni lavorano come tirapiedi per gang più grandi, altri si appoggiano a ricettatori locali per vendere la merce rubata. I più abili sanno scegliere le vittime giuste, evitare le pattuglie e far sparire un portamonete senza lasciare traccia. Nei bassifondi, certi gruppi di ladri si tramandano vere e proprie tecniche di sopravvivenza urbana, codici, segnali e percorsi sicuri per sfuggire alle ronde o nascondersi in piena vista.";criminali;criminali di strada|polizia locale|mercato nero;da Indigenza a Sottoproletariato;Rapidità di mano|Furtività|Percezione|Atletica|Bassifondi|Orientamento;Armi da taglio:10;"borseggiatore.png";"coin purse, gloved hand, flat cap"
Truffatore;"Si spaccia per medico, venditore, vedovo benestante o nobile caduto in disgrazia, adattando ogni ruolo al bersaglio. Alcuni si specializzano nel gioco d'azzardo truccato, nelle scommesse clandestine o nel prestito a usura, e non è raro che i truffatori più scaltri finiscano a gestire allibratori, debitori o picchiatori da mandare quando le bugie non bastano più.";criminali;criminali di strada|criminalità organizzata|alta società;da Povertà a Upper Middle Class;Raggirare|Recitazione|Percezione|Autocontrollo|Empatia|Rapidità di mano;Camuffarsi:10;"truffatore.png";"playing cards, pocket watch, top hat"
Rogue;"L'essere umano rogue abbandona il branco e prende la propria strada. Il rogue è solitamente di nascita appartenente all'Alta Società, ma si tratta di un uomo che o disprezza la propria posizione sociale, o l'ha tradita in passato ed è stato esiliato da essa. Può essere un criminale provetto; di certo non ha alcun rispetto per la legge o per gli standard sociali, sebbene le sue maniere personali siano classicamente impeccabili.";criminali;criminalità organizzata|alta società|funzionari locali;da Middle Class a Élite Economica;Intimidire|Furtività|Rapidità di mano|Biblioteconomia|Empatia|Galateo;Armi da fuoco:10;"rogue.png";"silver-tipped cane, monocle, gloves"
Corrispondente estero;"I corrispondenti esteri sono l'elite dei giornalisti. Hanno una paga fissa, possono sfruttare i rimborsi spese e viaggiano in tutto il globo. Alla fine dell'Ottocento i corrispondenti lavoravano per grossi quotidiani o agenzie stampa a carattere nazionale. Si tratta di un'attività variegata, spesso emozionante e a volte addirittura pericolosa, in quanto disastri naturali, sconvolgimenti politici e guerre sono la priorità per i corrispondenti esteri.";giornalismo;giornalismo|funzionari stranieri|ufficiali governativi locali;da Sottoproletariato ad Alta Borghesia;Percezione|Lingua Straniera|Lingua Madre|Empatia|Ammaliare|Autocontrollo;Cercare:10;"corrispondente-estero.png";"leather satchel, notebook, world map"
Reporter;"Lavora spesso fuori dall'ufficio, dislocato in luoghi specifici come stazioni di polizia o assegnato ad eventi mondani. I più esperti diventano reporter investigativi, la cui responsabilità è scavare nello sporco per denunciare la corruzione o il crimine organizzato. Le sue mansioni non sono molto diverse da quelle del detective, ma deve spesso ricorrere a sotterfugi per ottenere le informazioni che desidera.";giornalismo;giornalismo|polizia locale|criminali di strada;da Povertà a Middle Class;Percezione|Cercare|Furtività|Lingua Madre|Empatia|Ammaliare;Biblioteconomia:10;"reporter.png";"notebook, pencil, press badge"
Cowboy;"Figura caratteristica dell'America del Nord. Alcuni sono proprietari di un ranch, ma la maggior parte cerca un lavoro ovunque sia possibile. Non è raro che si uniscano a qualche compagnia itinerante di artisti, dando prova delle loro abilità con i lazi e le armi da fuoco.";lavoro_rurale;mondo rurale|ambiente circense|criminali di strada;da Povertà a Middle Class;Cavalcare|Armi da fuoco|Armi da lancio|Atletica|Seguire tracce|Sopravvivenza;Primo soccorso:10;"cowboy.png";"cowboy hat, lasso, revolver"
Minatore;"Rischia la vita tutti i giorni a causa delle pessime condizioni di lavoro e degli orari massacranti. Crolli, esplosioni, gas tossici e malattie polmonari sono all'ordine del giorno. I minatori sono spesso soggetti a violenza sistemica che comprende attacchi dinamitardi e omicidi, non solo come conseguenza del mestiere, ma anche per motivi politici e sindacali. Alla fine del XIX secolo, molte compagnie minerarie utilizzano squadre armate o mercenari per reprimere scioperi e manifestazioni. I lavoratori rispondono talvolta con sabotaggi, occupazioni o attentati dinamitardi, spesso attribuiti ai movimenti anarchici o ai sindacati radicali, come i Molly Maguires o i gruppi affiliati all'Industrial Workers of the World. I sindacati locali offrono protezione, ma anche esposizione: essere iscritti significa avere dei diritti, ma anche dei nemici.";lavoro_rurale;mondo delle miniere|sindacalisti|attivisti;da Povertà a Classe Lavoratrice;Armi da botta|Atletica|Esplosivi|Percezione|Primo soccorso|Orientamento;Geologia:10;"minatore.png";"pickaxe, oil lamp, hard hat"
Barista;"Il suo compito non è solo quello di preparare cocktail e servire bevande, è importante che un barista sappia intrattenere la clientela e mostrarsi sempre energico. Può lavorare per un locale minore o per un ristorante famoso.";lavoro_urbano;mondo della ristorazione|polizia locale|criminali di strada;da Classe Lavoratrice a Lower Middle Class;Percezione|Corpo a corpo|Contabilità|Cercare|Empatia|Ammaliare;Rapidità di mano:10;"barista.png";"cocktail shaker, glass bottles, bar towel"
Cocchiere;"Le carrozze e gli omnibus sono ancora il mezzo di trasporto più utilizzato della città. Le carrozze sono principalmente gestite da comuni cittadini che hanno richiesto una semplice licenza; per qualche penny in più, il cocchiere può percorrere grandi distanze, caricare bagagli, e anche aspettare facoltosi clienti sotto la pioggia. Gli omnibus, invece, girano Londra in lungo e in largo, seguendo diligentemente orari e percorsi stabiliti.";lavoro_urbano;colleghi|polizia locale|criminali di strada;da Classe Lavoratrice a Lower Middle Class;Guidare carrozza|Percezione|Orientamento|Empatia|Riparazione meccanica|Cavalcare;Armi da botta:10;"cocchiere.png";"horse whip, carriage lantern, leather reins"
Poliziotto in divisa;"Il suo lavoro può consistere nel pattugliare a piedi le strade di città e paesi, oppure stare seduto dietro una scrivania a compilare scartoffie. Solitamente le forze di Polizia sono organizzate secondo uno schema militare, con i gradi di sergente, tenente, capitano, comandante. Il salario è spesso tanto basso da costringere i poliziotti ad accettare un secondo lavoro come guardia di sicurezza o del corpo. Non è possibile muovere un personaggio che svolga attualmente questo lavoro.";tutori_ordine;polizia locale|criminali di strada|ufficiali governativi locali;da Classe Lavoratrice a Lower Middle Class;Armi da botta|Corpo a corpo|Legge|Percezione|Primo soccorso|Intimidire;Cavalcare:10;"poliziotto-in-divisa.png";"police helmet, wooden truncheon, brass whistle"
Investigatore;"Non importa che sia impiegato al servizio dello Stato o che lavori privatamente con un proprio giro di clienti, l'investigatore ha un fiuto particolare per seguire le tracce e risolvere intricati misteri. Indossa sempre abiti civili e gli è consentito portare un'arma da fuoco sul lavoro, caratteristica che lo differenzia dal cosiddetto bobby di Scotland Yard. Non è possibile giocare un personaggio attualmente impiegato nelle Forze dell'Ordine: i PG devono operare come detective privati, ex agenti, freelance o cacciatori di taglie. Questi ultimi lavorano a pagamento per rintracciare ricercati, evasi o debitori in fuga, spesso spostandosi da una città all'altra.";tutori_ordine;polizia locale|criminali di strada|giornalismo;da Lower Middle Class a Upper Middle Class;Armi da fuoco|Furtività|Legge|Empatia|Seguire tracce|Cercare;Crittografia:10;"investigatore.png";"magnifying glass, deerstalker hat, pipe"
Consulente investigativo;"A differenza dell'investigatore, un consulente privato non è un uomo d'azione, il suo lavoro è prettamente intellettuale e possiede un giro di clienti solitamente appartenenti all'alta società. Spesso funge da supporto per la polizia o altri detective privati, mettendo a disposizione la vasta gamma di conoscenze teoriche che ha acquisito nel tempo. E' un topo di biblioteca specializzato nella catalogazione delle prove e in metodi di ricerca all'avanguardia; può risolvere un caso rimanendo seduto comodamente in salotto e servendosi di un investigatore che svolga per lui qualsiasi tipo di lavoro manuale.";tutori_ordine;colleghi|mondo accademico|polizia locale;Da Middle Class a Élite Economica;Biblioteconomia|Cercare|Archeologia|Scienza Forense|Percezione;Armi da fuoco:10;"consulente-investigativo.png";"magnifying glass, pipe, stack of books"
Avvocato;"Esperti delle leggi vigenti nello stato in cui praticano, gli avvocati possono agire anche da procuratori, consiglieri o rappresentanti legali, abili nello spiegare teorie e conoscenze legali astratte e fornire soluzioni ai loro clienti. Possono essere ingaggiati o nominati da una corte individualmente o essere privatamente al soldo di un ricco cliente o una ditta d'affari. In Inghilterra avvocato e rappresentante legale sono figure diverse e possono rientrare nella categoria penalisti, notai e difensori d'ufficio. Grazie al cliente giusto un avvocato può diventare una celebrità e alcuni di loro amano le attenzioni dei media che sfruttano per ottenere vantaggi politici ed economici.";professione_legale;altri avvocati|funzionari locali|polizia locale;Da Middle Class a Élite Economica;Biblioteconomia|Empatia|Legge|Contabilità|Persuadere|Oratoria;Raggirare:10;"avvocato.png";"leather law book, quill pen, scales of justice"
Giudice;"Un ufficiale che presiede i procedimenti di una corte di giustizia da solo o con un gruppo di suoi pari. Alla fine dell'Ottocento il sistema giudiziario inglese era già molto strutturato e rigidamente gerarchico. I giudici erano figure di grande prestigio sociale, provenienti quasi esclusivamente dalle file dei barristers, dopo lunghi anni di pratica nelle Inns of Court. L'accesso a questa carriera era riservato quasi soltanto agli uomini delle classi medio-alte o aristocratiche, con un'educazione a Oxford o Cambridge. I giudici delle High Courts erano nominati direttamente dalla Corona su consiglio del Lord Cancelliere, e godevano di stipendi elevati e grande rispetto pubblico. Vestivano con la tradizionale parrucca bianca e la toga rossa o nera, simbolo della loro autorità. Il loro compito era presiedere processi civili e penali, istruire le giurie popolari, garantire il rispetto della procedura e pronunciare sentenze. Nella società vittoriana il giudice era percepito come incorruttibile, austero e distante, anche se in realtà molti erano immersi nelle stesse dinamiche di classe e di influenza politica che governavano il resto dell'Inghilterra. Non è possibile muovere un personaggio che svolga attualmente questo lavoro.";professione_legale;funzionari locali|alta società|polizia locale;da Upper Middle Class a Élite Economica;Biblioteconomia|Storia|Legge|Tempra|Empatia|Galateo;Intimidire:10;"giudice.png";"judge's wig, gavel, scales of justice"
Farmacista;"Per riuscire a diventare farmacista, è necessario completare un ciclo di studi triennale. Può essere assunto in un ospedale, in una farmacia, oppure può decidere di aprire un proprio negozio e dedicarsi alla vendita di altre sostanze. Molti farmacisti lavorano a stretto contatto con medici, anatomisti e chirurghi, ma non è raro trovarne anche nei quartieri popolari, dove offrono cure di fortuna, vendono preparati erboristici o realizzano rimedi personalizzati. Alcuni si specializzano nella distillazione di tonici e narcotici, altri mantengono rapporti ambigui con pazienti dipendenti, ricettatori o ciarlatani.";operatori_sanitari;colleghi|mondo accademico|criminali di strada;Da Lower Middle Class a Upper Middle Class;Contabilità|Lingua Straniera|Biblioteconomia|Primo soccorso|Farmacologia|Chimica;Medicina:10;"farmacista.png";"glass medicine bottles, mortar and pestle, scale"
Infermiere;"Per la maggioranza sono di sesso femminile e spesso impiegate negli ospedali. Possono decidere di servire la comunità tramite volontariato o in piccoli ambulatori dedicati alle donne, bambini e indigenti. Alla fine del secolo, molte donne cercavano di accedere alla carriera medica diventando prima infermiere.";operatori_sanitari;colleghi|ambiente accademico|attivisti;da Sottoproletariato a Lower Middle Class;Percezione|Autocontrollo|Medicina|Primo soccorso|Empatia|Biologia;Persuadere:10;"infermiere.png";"nurse cap, medical bag, bandages"
Medico;"Negli ultimi anni, gli ospedali hanno iniziato ad assumere solo personale qualificato, e un medico doveva aver frequentato almeno due anni di università per poter esercitare all'interno di qualche prestigiosa struttura. Lo stesso vale per i chirurghi, che devono dimostrare competenze tecniche e conoscenze anatomiche sempre più richieste dalle istituzioni sanitarie. Ci sono, tuttavia, altre figure che non possiedono alcun pezzo di carta e operano ai margini del sistema: fanno visite a domicilio o aprono piccoli ambulatori nell'East-End, dove la richiesta di cure è particolarmente alta. Alcuni sono ex studenti, altri autodidatti con esperienza di guerra o prigione.";operatori_sanitari;altri colleghi|alta società|polizia locale;da Lower Middle Class ad Alta Borghesia;Lingua Straniera|Medicina|Primo soccorso|Empatia|Biologia|Farmacologia;Autocontrollo:10;"medico.png";"brass stethoscope, medical bag, spectacles"
Coroner;"Il coroner è il medico incaricato di indagare su morti avvenute in circostanze poco chiare agli investigatori, omicidi o suicidi. Il suo lavoro è condurre un'autopsia e determinare le cause e le modalità di un decesso per dare indicazioni al pubblico ministero. Talvolta può essere chiamato a testimoniare in tribunale. Nella Londra vittoriana, il coroner è spesso una figura ibrida tra medico legale e funzionario giudiziario, nominato per distretto e affiancato da una giuria popolare durante le inchieste pubbliche. Le sue conclusioni hanno un peso legale ma anche politico, soprattutto nei casi che coinvolgono baraccati, operai o detenuti.";operatori_sanitari;mondo accademico|polizia locale|funzionari locali;da Lower Middle Class a Upper Middle Class;Medicina|Biologia|Legge|Farmacologia|Chimica|Scienza Forense;Percezione:10;"coroner.png";"medical bag, magnifying glass, autopsy tools"
Alienista;"Alla fine dell'Ottocento, l'alienista era il medico che si occupava della salute mentale. Gli approcci variavano: alcuni si concentravano sul comportamento, altri precursori della psicoanalisi studiavano traumi, sessualità e pulsioni inconsce. Tra alienisti, neurologi e psichiatri era in corso una vera e propria guerra teorica, alimentata da rivalità accademiche e visioni spesso inconciliabili. Le diagnosi riflettevano i pregiudizi dell'epoca, e l'internamento poteva colpire anche donne isteriche, omosessuali o persone giudicate devianti. Alcuni lavoravano nei manicomi pubblici, altri in case di cura private o come consulenti per la polizia e i tribunali.";salute_mentale;altri alienisti|mondo accademico|polizia locale;da Lower Middle Class ad Alta Borghesia;Percezione|Legge|Medicina|Psichiatria|Empatia|Autocontrollo;Leggere le labbra:10;"alienista.png";"notebook, spectacles, brain diagram"
Assistente di manicomio;"In questo caso non servono studi o specializzazioni, solo prestanza fisica e uno stomaco abbastanza forte. L'assistente viene scelto per la sua corporatura robusta, affinchè possa aiutare il medico o l'infermiere in caso malati violenti o altre situazioni che richiedono più muscoli che cervello.";salute_mentale;colleghi|alta società|funzionari locali;da Sottoproletariato a Lower Middle Class;Tempra|Corpo a corpo|Schivare|Intimidire|Primo soccorso|Percezione;Psichiatria:10;"assistente-di-manicomio.png";"large ring of keys, restraint straps, lantern"
Marinaio militare;"Inquadrato nella Marina Reale, serve a bordo di navi da guerra, corazzate o incrociatori coloniali. Ha superato l'addestramento base ed è addestrato all'uso di armi navali, manovre d'emergenza e codici militari. Può svolgere incarichi tecnici, logistici o combattivi e spesso ha vissuto lunghi periodi in mare aperto. Ha visto porti lontani, teatri coloniali e tempeste, ed è abituato a obbedire senza esitazione. Una volta a terra, può trovarsi spaesato o segnato dalla vita militare, ma resta una figura essenziale per operazioni che richiedono disciplina, sangue freddo e resistenza fisica.";forze_armate;Altri marinai|Polizia portuale|Funzionari stranieri;da Classe Lavoratrice a Borghesia Agiata;Armi da fuoco|Corpo a corpo|Navigare|Nuotare|Primo soccorso|Riparazione meccanica;Armi pesanti:10;"marinaio-militare.png";"sailor cap, anchor, coiled rope"
Soldato;"Questo mestiere comprende qualsiasi tipo di militare, indipendentemente dal rango. Dopo l'addestramento base, chi aspira a ruoli di comando deve affrontare anche la formazione da ufficiale. Molti soldati provengono da campagne coloniali, guerre passate o corpi speciali. Una volta congedati, trovano impiego come guardie, mercenari o istruttori, spesso portandosi dietro disciplina, traumi e cicatrici invisibili.";forze_armate;altri soldati|polizia locale|funzionari stranieri;da Classe Lavoratrice a Borghesia Agiata;Armi da fuoco|Sopravvivenza|Armi da taglio|Atletica|Cavalcare|Armi pesanti;Primo soccorso:10;"soldato.png";"military rifle, brass buttons, peaked cap"
Attivista;"L'altra faccia della politica. L'attivista è colui che scende in strada per promuovere campagne, opporsi al governo e fare propaganda in favore delle cause più disparate. Possono essere sindacalisti che si battono per i diritti dei lavoratori, o persone che lottano per il suffragio universale, per l'abolizione dei titoli nobiliari, o addirittura per instaurare una repubblica.";politica;Altri attivisti|Polizia locale|giornali;da Povertà a Borghesia Agiata;Percezione|Oratoria|Legge|Tempra|Empatia|Autocontrollo;Bassifondi:10;"attivista.png";"protest banner, megaphone, pamphlets"
Archeologo;"Lo studio e l'esplorazione del passato. Fondamentalmente l'identificazione, esame, e analisi di reperti legati alla storia umana. Questo lavoro implica ricerche difficoltose e studi meticolosi, senza escludere un atteggiamento disponibile a sporcarsi le mani. Alla fine dell'ottocento, gli archeologi di successo diventano delle celebrità, come gli esploratori e gli avventurieri. Per quanto alcuni usassero metodi scientifici, molti erano ben lieti di avvalersi della forza bruta nello svelare i segreti del passato: alcuni individui di bassa lega arrivavano addirittura a usare la dinamite.";studiosi;altri archeologi|dipendenti di museo|mecenati;da Lower Middle Class in su, a seconda del successo;Archeologia|Biblioteconomia|Cercare|Lingua Straniera|Orientamento|Valutare;Storia:10;"archeologo.png";"ancient artifact, brush, pith helmet"
Curatore di museo;"Può essere dipendente di una grossa struttura, come un'università o un'istituzione pubblica, oppure di un piccolo museo privato, spesso specializzato in storia locale, scienze naturali o antichità esotiche. I curatori si occupano di catalogare reperti, trattare con collezionisti, scienziati o archeologi.";studiosi;dipendenti di museo|mecenati|funzionari locali;da Lower Middle Class a Borghesia Agiata;Archeologia|Storia|Biblioteconomia|Contabilità|Lingua Straniera|Valutare;Antropologia:10;"curatore-di-museo.png";"ancient vase, magnifying glass, catalog book"
Professore;"Figura che svolge il proprio lavoro presso università, collegi, scuole pubbliche e private, o presso abitazioni di famiglie facoltose. Occasionalmente possono essere assunti da qualche grande società per la formazione degli impiegati, per tenere seminari o scrivere pubblicazioni di carattere tecnico.";studiosi;altri insegnanti|mondo accademico|Alta società;da Classe Lavoratrice a Borghesia Agiata;Lingua Madre|Biblioteconomia|Archeologia|Storia|Empatia|Oratoria;Persuadere:10;"professore.png";"stack of books, spectacles, quill pen"
Ricercatore;"Finanziati da università, musei o enti privati, i ricercatori si occupano di studi in ambito scientifico, fisico, astronomico o antropologico. Alcuni lavorano in laboratorio, scrivendo e sperimentando in ambienti chiusi; altri vengono inviati sul campo, anche all'estero, per condurre ricerche su tribù, rovine antiche, siti minerari o territori coloniali. I più fortunati si muovono tra spedizioni ben finanziate e cattedre accademiche; altri devono arrangiarsi con poco, affrontando condizioni estreme o ostilità locali, spesso spinti più dalla curiosità che dal prestigio.";studiosi;altri ricercatori|mondo accademico|funzionari locali;da Lower Middle Class a Upper Middle Class;Biblioteconomia|Cercare|Lingua Straniera|Storia|Ammaliare|Archeologia;Valutare:10;"ricercatore.png";"brass microscope, notebook, glass vials"
Studente;"Si tratta di uno studente di università o di college, oppure di un individuo che ha ormai finito gli studi, ma rimane al fianco del professore cercando di fare carriera dall'interno.";studiosi;altri studenti|mondo accademico|funzionari locali;da Povertà a Lower Middle Class;Percezione|Biblioteconomia|Lingua Madre|Lingua Straniera|Archeologia|Biologia;Leggere le labbra:10;"studente.png";"stack of books, satchel, quill pen"
Avventuriera;"Un eufemismo per la donna che, grazie alla sua associazione con corteggiatori e ammiratori dell'Alta Società, riusciva a ottenere potere, rispetto e talvolta anche un'approvazione riluttante da parte della società vittoriana. Spesso l'Avventuriera lavorava nel teatro o in qualche altra forma di intrattenimento. Talvolta scaltra, sempre competente e intelligente, poteva influenzare profondamente la vita del suo corteggiatore del momento. L'Avventuriera poteva provenire da qualsiasi classe sociale, La sua posizione sociale effettiva coincideva con quella del suo corteggiatore attuale ma solo finché lui rimaneva il suo protettore o finché il denaro non si esauriva. Dopo, il suo status tornava a quello della sua nascita. Naturalmente, i pari del suo protettore la vedevano sempre in termini della sua classe sociale d'origine.";professioni_varie;alta società|funzionari locali|mondo degli affari;da Middle Class ad Alta Borghesia;Ammaliare|Empatia|Galateo|Raggirare|Cavalcare|Danza;Rapidità di mano:10;"avventuriera.png";"elegant fan, pearl necklace, evening gloves"
Inventore;"Di solito si tratta di uno scienziato o di un medico che dedica tutta la vita, o buona parte di essa, alla scoperta e al perfezionamento di qualche nuova tecnologia, che sia in campo elettrico, meccanico, fotografico.";professioni_varie;altri ingegneri|mondo accademico|mondo degli affari;variabile, a seconda del successo;Pittura e Disegno|Riparazione elettrica|Riparazione meccanica|Artigianato|Fisica|Chimica;Esplosivi:10;"inventore.png";"brass gears, blueprint, wrench"
Antiquario;"Di solito è proprietario di un negozio, ma può intraprendere lunghi viaggi per arricchire la propria collezione o commerciare manufatti rari e oggetti d'epoca. Collabora spesso con collezionisti privati, musei, archeologi e studiosi, ma non è raro che si muova in ambienti ambigui, al confine tra legalità e contrabbando. Alcuni antiquari possiedono un'elevata cultura storica; altri sono abili solo nel riconoscere, restaurare e vendere pezzi interessanti, anche se di dubbia provenienza.";professioni_varie;altri antiquari|dipendenti di musei|mercato nero;da Lower Middle Class a Borghesia Agiata;Artigianato|Biblioteconomia|Cercare|Storia|Valutare|Ammaliare;Riparazione meccanica:10;"antiquario.png";"antique vase, magnifying glass, pocket watch"
Bibliotecario;"I bibliotecari sono spesso impiegati di istituzioni pubbliche o università, responsabili della catalogazione e mantenimento della collezione, oltre che della gestione prestiti. Alcune grandi ditte impiegano i bibliotecari per gestire grosse collezioni e ogni tanto viene fuori l'opportunità di prendere in cura la biblioteca privata di un ricco collezionista.";professioni_varie;altri bibliotecari|mondo accademico|dipendenti di museo;da Classe Lavoratrice a Upper Middle Class;Biblioteconomia|Contabilità|Lingua Madre|Lingua Straniera|Storia|Archeologia;Crittografia:10;"bibliotecario.png";"stack of books, reading glasses, library ladder"
Dilettante;"I dilettanti sono autosufficienti, vivono grazie a un'eredità, un fondo d'investimento o qualche forma di introito che non li obbliga a lavorare. Di solito un dilettante dispone di tanti soldi da aver bisogno di un consulente finanziario che se ne occupi. Probabilmente ben istruito, per quanto non sia necessariamente competente in nessuna materia. I soldi permettono al dilettante di comportarsi in maniera eccentrica ed esplicita.";professioni_varie;Altri dilettanti|alta società|funzionari locali;da Upper Middle Class a Élite Economica;Galateo|Pittura e Disegno|Archeologia|Cavalcare|Lingua Straniera|Ammaliare;Armi da fuoco:10;"dilettante.png";"monocle, walking cane, pocket watch"
Becchino;"I becchini, detti anche impresari funerari, gestiscono l'attività delle cerimonie funebri. Il loro lavoro comprende la sepoltura e la cremazione dei defunti. In caso di sepoltura, il becchino si cura dell'imbalsamatura, dell'abbigliamento, della bara e del trucco del deceduto. I becchini ricevono la loro licenza di attività dallo stato. Sono i proprietari della loro agenzia funebre o ne sono dipendenti.";professioni_varie;Impresari di pompe funebri|polizia locale|criminali di strada;da Sottoproletariato a Lower Middle Class;Atletica|Guidare carrozza|Biologia|Camuffarsi|Artigianato|Contabilità;Scienza Forense:10;"becchino.png";"top hat, black gloves, wooden coffin"
Marinaio mercantile;"Questo genere di marinaio lavora solitamente su un cargo. Viene ingaggiato per un viaggio alla volta e pagato tramite un piccolo anticipo prima della partenza, mentre il resto viene saldato all'arrivo in porto. Non è possibile possedere un'imbarcazione in gioco.";professioni_varie;altri marinai|sindacalisti|polizia portuale;da Povertà a Lower Middle Class;Percezione|Navigare|Nuotare|Riparazione meccanica|Sopravvivenza|Primo soccorso;Bassifondi:10;"marinaio-mercantile.png";"coiled rope, sailor cap, anchor"
Vagabondo;"Può trattarsi di un disoccupato, un ubriacone o semplicemente di uno spirito libero, in continuo viaggio da un continente all'altro, lavorando solo quando è necessario.";professioni_varie;altri vagabondi|criminali di strada|polizia locale;da Indigenza a Sottoproletariato;Bassifondi|Percezione|Furtività|Orientamento|Scassinare|Rapidità di mano;Primo soccorso:10;"vagabondo.png";"worn satchel, ragged coat, walking stick"
Servitù;"Camerieri cuochi maggiordomi governanti domestici altre figure servizio famiglie benestanti istituzioni. Vivono residenza datore lavoro accesso privilegiato vita privata padroni.";professioni_varie;alta società|mondo degli affari|criminali di strada;Da povertà a Classe Lavoratrice;Pittura e Disegno|Bassifondi|Empatia|Ammaliare|Percezione|Furtività;Rapidità di mano:10;"servitu.png";"white apron, silver tray, feather duster"
